{"cameraMode":{"drawMode":0,"name":"Shaded","section":"Shading Mode"},"sceneLighting":false,"audioPlay":false,"sceneViewState":{"m_AlwaysRefresh":false,"showFog":true,"showSkybox":false,"showFlares":true,"showImageEffects":true,"showParticleSystems":true,"showVisualEffectGraphs":true,"m_FxEnabled":true},"in2DMode":false,"pivot":{"x":5.960464477539063e-8,"y":0.19999998807907105,"z":-1.1920928955078126e-7},"rotation":{"x":0.016172733157873155,"y":-0.9388467073440552,"z":0.3412381410598755,"w":0.045158110558986667},"size":0.8660284876823425,"orthographic":false}