{"cameraMode":{"drawMode":0,"name":"Shaded","section":"Shading Mode"},"sceneLighting":false,"audioPlay":false,"sceneViewState":{"m_AlwaysRefresh":false,"showFog":true,"showSkybox":false,"showFlares":true,"showImageEffects":true,"showParticleSystems":true,"showVisualEffectGraphs":true,"m_FxEnabled":true},"in2DMode":false,"pivot":{"x":-1.2799999713897706,"y":0.14499999582767487,"z":-2.7100000381469728},"rotation":{"x":0.010851748287677765,"y":-0.961277961730957,"z":0.27290263772010805,"w":0.038990896195173267},"size":0.34641021490097048,"orthographic":false}